code,name
005930,삼성전자
000660,SK하이닉스
402340,SK스퀘어
005935,삼성전자우
009150,삼성전기
005380,현대차
373220,LG에너지솔루션
032830,삼성생명
207940,삼성바이오로직스
105560,KB금융
000270,기아
028260,삼성물산
055550,신한지주
329180,HD현대중공업
012450,한화에어로스페이스
034020,두산에너빌리티
012330,현대모비스
034730,SK
068270,셀트리온
086790,하나금융지주
006400,삼성SDI
000810,삼성화재
035420,NAVER
066570,LG전자
267260,HD현대일렉트릭
010120,LS ELECTRIC
042660,한화오션
298040,효성중공업
009540,HD한국조선해양
005490,POSCO홀딩스
042700,한미반도체
316140,우리금융지주
006800,미래에셋증권
015760,한국전력
010130,고려아연
096770,SK이노베이션
138040,메리츠금융지주
010140,삼성중공업
000150,두산
017670,SK텔레콤
011200,HMM
033780,KT&G
051910,LG화학
064350,현대로템
024110,기업은행
079550,LIG디펜스앤에어로스페이스
010950,S-Oil
267250,HD현대
035720,카카오
011070,LG이노텍
018260,삼성에스디에스
003550,LG
196170,알테오젠
278470,에이피알
047810,한국항공우주
086280,현대글로비스
030200,KT
003670,포스코퓨처엠
071050,한국금융지주
272210,한화시스템
005940,NH투자증권
259960,크래프톤
000720,현대건설
247540,에코프로비엠
323410,카카오뱅크
086520,에코프로
307950,현대오토에버
005830,DB손해보험
0126Z0,삼성에피스홀딩스
003490,대한항공
016360,삼성증권
161390,한국타이어앤테크놀로지
443060,HD현대마린솔루션
352820,하이브
006260,LS
047050,포스코인터내셔널
036930,주성엔지니어링
039490,키움증권
003230,삼양식품
028050,삼성E&A
277810,레인보우로보틱스
078930,GS
180640,한진칼
090430,아모레퍼시픽
005387,현대차2우B
240810,원익IPS
021240,코웨이
353200,대덕전자
007660,이수페타시스
000880,한화
064400,LG씨엔에스
267270,HD건설기계
047040,대우건설
326030,SK바이오팜
032640,LG유플러스
241560,두산밥캣
138930,BNK금융지주
319660,피에스케이
000100,유한양행
004170,신세계
377300,카카오페이
058470,리노공업
029780,삼성카드
001440,대한전선
950160,코오롱티슈진
034220,LG디스플레이
062040,산일전기
175330,JB금융지주
271560,오리온
128940,한미약품
088980,맥쿼리인프라
036570,NC
000990,DB하이텍
009830,한화솔루션
028300,HLB
005385,현대차우
454910,두산로보틱스
000250,삼천당제약
039030,이오테크닉스
298380,에이비엘바이오
011790,SKC
222800,심텍
023530,롯데쇼핑
001040,CJ
088350,한화생명
082740,한화엔진
111770,영원무역
141080,리가켐바이오
095610,테스
066970,엘앤에프
051900,LG생활건강
010060,OCI홀딩스
002380,KCC
018880,한온시스템
052690,한전기술
004020,현대제철
440110,파두
403870,HPSP
214450,파마리서치
069960,현대백화점
084370,유진테크
214370,케어젠
001450,현대해상
000500,가온전선
347850,디앤디파마텍
131290,티에스이
011780,금호석유화학
031980,피에스케이홀딩스
035250,강원랜드
095340,ISC
383220,F&F
031210,서울보증보험
036460,한국가스공사
251270,넷마블
145020,휴젤
108490,로보티즈
336260,두산퓨얼셀
139130,iM금융지주
214150,클래시스
226950,올릭스
089970,브이엠
103590,일진전기
022100,포스코DX
080220,제주반도체
097950,CJ제일제당
302440,SK바이오사이언스
087010,펩트론
028670,팬오션
009420,한올바이오파마
012750,에스원
017800,현대엘리베이터
014680,한솔케미칼
310210,보로노이
011170,롯데케미칼
483650,달바글로벌
237690,에스티팜
279570,케이뱅크
450080,에코프로머티
026960,동서
161890,한국콜마
005850,에스엘
178320,서진시스템
081660,미스토홀딩스
009970,영원무역홀딩스
001720,신영증권
003690,코리안리
064760,티씨케이
000240,한국앤컴퍼니
004800,효성
007340,DN오토모티브
067310,하나마이크론
257720,실리콘투
006360,GS건설
375500,DL이앤씨
489790,한화비전
004990,롯데지주
357780,솔브레인
085620,미래에셋생명
008930,한미사이언스
005290,동진쎄미켐
007070,GS리테일
139480,이마트
282330,BGF리테일
005440,현대지에프홀딩스
263750,펄어비스
030000,제일기획
319400,현대무벡스
004370,농심
204320,HL만도
420770,기가비스
192820,코스맥스
018670,SK가스
281820,케이씨텍
051600,한전KPS
071970,HD현대마린엔진
290650,엘앤씨바이오
002790,아모레퍼시픽홀딩스
462870,시프트업
008770,호텔신라
089030,테크윙
140860,파크시스템스
098460,고영
475150,SK이터닉스
457190,이수스페셜티케미컬
068760,셀트리온제약
439260,대한조선
103140,풍산
00680K,미래에셋증권2우B
395400,SK리츠
032820,우리기술
020150,롯데에너지머티리얼즈
007810,코리아써키트
112610,씨에스윈드
073240,금호타이어
131970,두산테스나
000155,두산우
035900,JYP Ent.
000120,CJ대한통운
140410,메지온
007390,네이처셀
120110,코오롱인더
001740,SK네트웍스
010170,대한광통신
041510,에스엠
001800,오리온홀딩스
011210,현대위아
023590,다우기술
096530,씨젠
183300,코미코
006040,동원산업
058610,에스피지
020560,아시아나항공
006280,녹십자
001120,LX인터내셔널
069620,대웅제약
097230,HJ중공업
060370,LS마린솔루션
0009K0,에임드바이오
009155,삼성전기우
415640,KB발해인프라
089860,롯데렌탈
083650,비에이치아이
229640,LS에코에너지
082920,비츠로셀
192080,더블유게임즈
030530,원익홀딩스
043260,성호전자
007310,오뚜기
093370,후성
005070,코스모신소재
322000,HD현대에너지솔루션
003540,대신증권
218410,RFHIC
000815,삼성화재우
181710,NHN
012630,HDC
017960,한국카본
127120,제이에스링크
298020,효성티앤씨
078600,대주전자재료
082640,동양생명
294870,IPARK현대산업개발
004000,롯데정밀화학
361610,SK아이이테크놀로지
001430,세아베스틸지주
039200,오스코텍
003570,SNT다이내믹스
458870,씨어스
066575,LG전자우
323280,태성
030610,교보증권
195940,HK이노엔
003380,하림지주
166090,하나머티리얼즈
031330,에스에이엠티
057050,현대홈쇼핑
000080,하이트진로
496320,본시스템즈
300720,한일시멘트
077970,STX엔진
330590,롯데리츠
475830,오름테라퓨틱
003090,대웅
347700,스피어
000210,DL
195870,해성디에스
003240,태광산업
003530,한화투자증권
006340,대원전선
006120,SK디스커버리
491000,리브스메드
034230,파라다이스
185750,종근당
101490,에스앤에스텍
280360,롯데웰푸드
051915,LG화학우
036540,SFA반도체
005300,롯데칠성
032350,롯데관광개발
437730,삼현
192400,쿠쿠홀딩스
241710,코스메카코리아
001820,삼화콘덴서
009450,경동나비엔
071055,한국금융지주우
204270,제이앤티씨
252990,샘씨엔에스
086450,동국제약
003470,유안타증권
019210,와이지-원
099320,쎄트렉아이
085660,차바이오텍
036530,SNT홀딩스
293490,카카오게임즈
100090,SK오션플랜트
388210,씨엠티엑스
009240,한샘
451800,한화리츠
083450,GST
030190,NICE평가정보
038500,삼표시멘트
232140,와이씨
499790,GS피앤엘
456040,OCI
213420,덕산네오룩스
365550,ESR켄달스퀘어리츠
281740,레이크머티리얼즈
417200,LS머트리얼즈
000400,롯데손해보험
376900,로킷헬스케어
090710,휴림로봇
074600,원익QnC
004490,세방전지
137310,에스디바이오센서
065350,신성델타테크
122870,와이지엔터테인먼트
071320,지역난방공사
100790,미래에셋벤처투자
328130,루닛
056190,SFA
214320,이노션
041830,인바디
079160,CJ CGV
388720,유일로보틱스
003850,보령
000370,한화손해보험
137400,피엔티
248070,솔루엠
445680,큐리옥스바이오시스템즈
032190,다우데이타
075580,세진중공업
014620,성광벤드
033100,제룡전기
006650,대한유화
064960,SNT모티브
285130,SK케미칼
189300,인텔리안테크
298050,HS효성첨단소재
000670,영풍
115180,큐리언트
005690,파미셀
002350,넥센타이어
476060,온코닉테라퓨틱스
036830,솔브레인홀딩스
002960,한국쉘석유
093320,케이아이엔엑스
161580,필옵틱스
093050,LF
025540,한국단자
094170,동운아나텍
035760,CJ ENM
108320,LX세미콘
006730,서부T&D
032500,케이엠더블유
001570,금양
069260,TKG휴켐스
048410,현대바이오
293940,신한알파리츠
490470,세미파이브
317450,명인제약
122640,예스티
006380,카프로
253450,스튜디오드래곤
00088K,한화3우B
003160,디아이
005180,빙그레
053610,프로텍
052400,코나아이
005880,대한해운
453340,현대그린푸드
090460,비에이치
001680,대상
017940,E1
090360,로보스타
466100,클로봇
397030,에이프릴바이오
399720,가온칩스
002840,미원상사
094800,맵스리얼티
383800,LX홀딩스
023160,태광
053800,안랩
170920,엘티씨
007700,F&F홀딩스
003620,KG모빌리티
114090,GKL
102710,이엔에프테크놀로지
050890,쏠리드
037460,삼지전자
014820,동원시스템즈
112040,위메이드
222080,SFA넥셀
001060,JW중외제약
268280,미원에스씨
171090,선익시스템
00104K,CJ4우(전환)
010780,아이에스동서
119850,지엔씨에너지
001270,부국증권
178920,PI첨단소재
005090,SGC에너지
225570,넥슨게임즈
000640,동아쏘시오홀딩스
067160,SOOP
006110,삼아알미늄
383310,에코프로에이치엔
045100,한양이엔지
041960,코미팜
121600,나노신소재
033240,자화전자
044490,태웅
046890,서울반도체
001510,SK증권
086900,메디톡스
456160,지투지바이오
251970,펌텍코리아
003300,한일홀딩스
101160,월덱스
348370,엔켐
100840,SNT에너지
016380,KG스틸
336370,솔루스첨단소재
058650,세아홀딩스
295310,에이치브이엠
064290,인텍플러스
059090,미코
060250,NHN KCP
052020,에스티큐브
001500,현대차증권
219130,타이거일렉
211050,인카금융서비스
475960,토모큐브
001530,DI동일
448730,삼성FN리츠
003545,대신증권우
005810,풍산홀딩스
033790,피노
033500,동성화인텍
377740,바이오노트
078130,국일제지
284740,쿠쿠홈시스
009410,태영건설
336570,원텍
376300,디어유
124500,아이티센글로벌
160190,하이젠알앤엠
358570,지아이이노베이션
036810,에프에스티
005945,NH투자증권우
039130,하나투어
079900,전진건설로봇
145990,삼양사
425420,티에프이
477850,마키나락스
020000,한섬
015750,성우하이텍
002240,고려제강
035890,서희건설
034950,한국기업평가
056080,유진로봇
008060,대덕
079940,가비아
033640,네패스
005250,녹십자홀딩스
249420,일동제약
082270,젬백스
290550,디케이티
389470,인벤티지랩
005389,현대차3우B
009520,포스코엠텍
476830,알지노믹스
126340,비나텍
161000,애경케미칼
034310,NICE
174900,앱클론
000070,삼양홀딩스
104830,원익머트리얼즈
002020,코오롱
330860,네패스아크
099190,아이센스
460930,현대힘스
003280,흥아해운
253590,네오셈
214430,아이쓰리시스템
340570,티앤엘
460860,동국제강
272290,이녹스첨단소재
014830,유니드
102940,코오롱생명과학
077360,덕산하이메탈
019170,신풍제약
090435,아모레퍼시픽우
004700,조광피혁
278280,천보
072710,농심홀딩스
004690,삼천리
365340,성일하이텍
001200,유진투자증권
348210,넥스틴
327260,RF머트리얼즈
018290,브이티
003030,세아제강지주
027360,아주IB투자
031430,신세계인터내셔날
144960,뉴파워프라즈마
160980,싸이맥스
029530,신도리코
002990,금호건설
417310,코람코더원리츠
030520,한글과컴퓨터
200710,에이디테크놀로지
215200,메가스터디교육
004710,한솔테크닉스
089890,코세스
016610,DB증권
199800,툴젠
042000,카페24
002810,삼영무역
368770,파이버프로
015360,INVENI
033160,엠케이전자
357120,코람코라이프인프라리츠
452260,한화갤러리아
003000,부광약품
039440,에스티아이
095660,네오위즈
016590,신대양제지
105630,한세실업
002030,아세아
027410,BGF
348340,뉴로메카
356860,티엘비
403550,쏘카
041190,우리기술투자
025980,아난티
381970,케이카
009900,명신산업
006220,제주은행
092230,KPX홀딩스
013030,하이록코리아
101730,위메이드맥스
271940,일진하이솔루스
078020,LS증권
486990,노타
344820,KCC글라스
005420,코스모화학
439960,코스모로보틱스
372320,큐로셀
306200,세아제강
003800,에이스침대
001940,KISCO홀딩스
089010,켐트로닉스
007690,국도화학
025320,시노펙스
170900,동아에스티
069080,웹젠
036620,감성코퍼레이션
130660,한전산업
114810,한솔아이원스
145720,덴티움
084110,휴온스글로벌
060980,HL홀딩스
078160,메디포스트
194370,제이에스코퍼레이션
005950,이수화학
104700,한국철강
017810,풀무원
089590,제주항공
017900,광전자
241770,메카로
236200,슈프리마
168360,펨트론
008730,율촌화학
060280,큐렉소
037710,광주신세계
287840,인투셀
110990,디아이티
029460,케이씨
204620,글로벌텍스프리
024850,HLB이노베이션
126560,현대퓨처넷
026890,스틱인베스트먼트
042520,한스바이오메드
183190,아세아시멘트
005610,삼립
011930,신성이엔지
006910,보성파워텍
009160,SIMPAC
016800,퍼시스
950210,프레스티지바이오파마
0120G0,삼양바이오팜
006405,삼성SDI우
078350,한양디지텍
243070,휴온스
005720,넥센
389650,넥스트바이오메디컬
097520,엠씨넥스
356680,엑스게이트
064260,다날
012030,DB
078340,컴투스
025770,한국정보통신
047920,HLB제약
092730,네오팜
101930,인화정공
018250,애경산업
000157,두산2우B
009290,광동제약
011760,현대코퍼레이션
002310,아세아제지
079370,제우스
036890,진성티이씨
02826K,삼성물산우B
126720,수산인더스트리
265520,AP시스템
200880,서연이화
024720,콜마홀딩스
200670,휴메딕스
228760,지노믹트리
206650,유바이오로직스
025860,남해화학
482630,삼양엔씨켐
069540,빛과전자
067630,HLB생명과학
217590,티엠씨
376270,HEM파마
096760,JW홀딩스
091700,파트론
441270,파인엠텍
025900,동화기업
017890,한국알콜
092790,넥스틸
215600,신라젠
049070,인탑스
035810,이지홀딩스
010820,퍼스텍
121440,골프존홀딩스
065680,우주일렉트로
192650,드림텍
034830,한국토지신탁
136480,하림
493280,아이엠바이오로직스
439090,마녀공장
004430,송원산업
005680,삼영전자
108670,LX하우시스
419530,SAMG엔터
010690,화신
033270,유나이티드제약
080580,오킨스전자
125490,한라캐스트
010955,S-Oil우
015860,일진홀딩스
107640,한중엔시에스
001390,KG케미칼
417840,저스템
105840,우진
058430,포스코스틸리온
017390,서울가스
424870,이뮨온시아
393890,더블유씨피
394280,오픈엣지테크놀로지
123890,한국자산신탁
036800,나이스정보통신
005430,한국공항
003960,사조대림
332570,PS일렉트로닉스
051500,CJ프레시웨이
309710,아이티켐
003120,일성아이에스
272450,진에어
054950,제이브이엠
092460,한라IMS
092190,서울바이오시스
468530,프로티나
182400,엔케이젠바이오텍코리아
244920,에이플러스에셋
078520,에이블씨엔씨
098070,한텍
001230,동국홀딩스
448900,한국피아이엠
002900,TYM
232530,이엠티
084690,대상홀딩스
023410,유진기업
036200,유니셈
151860,KG에코솔루션
267980,매일유업
043150,바텍
035600,KG이니시스
352480,씨앤씨인터내셔널
286940,롯데이노베이트
064820,케이프
121800,비덴트
003920,남양유업
455900,엔젤로보틱스
377460,큐에이드
484590,삼양컴텍
001750,한양증권
950170,JTC
091810,트리니티항공
122900,아이마켓코리아
003650,미창석유
314930,바이오다인
084010,대한제강
117730,티로보틱스
052710,아모텍
206640,바디텍메드
0011T0,채비
200130,콜마비앤에이치
194700,노바렉스
900140,엘브이엠씨홀딩스
215000,골프존
004360,세방
061090,세나테크놀로지
290690,소룩스
004310,현대약품
064850,에프앤가이드
234340,헥토파이낸셜
007160,사조산업
138080,오이솔루션
051360,토비스
005500,삼진제약
445090,에이직랜드
389260,대명에너지
002320,한진
061970,LB세미콘
298690,에어부산
001790,대한제당
002710,TCC스틸
043370,피에이치에이
136490,선진
008490,서흥
334890,이지스밸류플러스리츠
099430,바이오플러스
452430,사피엔반도체
093520,매커스
348950,제이알글로벌리츠
450950,아스테라시스
001340,PKC
000050,경방
304360,에스바이오메딕스
018000,유니슨
378340,필에너지
000480,CR홀딩스
272110,케이엔제이
000430,대원강업
044450,KSS해운
187660,페니트리움바이오
432320,KB스타리츠
003070,코오롱글로벌
456010,아이씨티케이
254490,미래반도체
462350,이노스페이스
488900,비츠로넥스텍
060720,KH바텍
000650,천일고속
094360,칩스앤미디어
071200,인피니트헬스케어
448280,에코아이
000680,LS네트웍스
134380,미원화학
230240,에치에프알
003200,일신방직
095500,미래나노텍
481070,에이유브랜즈
023760,한국캐피탈
003520,영진약품
0030R0,대신밸류리츠
085910,네오티스
025000,KPX케미칼
011560,세보엠이씨
404990,신한서부티엔디리츠
034120,SBS
298000,효성화학
053030,바이넥스
052330,코텍
089980,상아프론테크
226320,잇츠한불
036030,케이티알파
065710,서호전기
086390,유니테스트
318060,그래피
114190,강원에너지
200470,에이팩트
180400,DXVX
092870,엑시콘
000540,흥국화재
073490,LIG아큐버
000320,노루홀딩스
472850,폰드그룹
475560,더본코리아
017860,DS단석
033920,무학
217730,강스템바이오텍
005710,대원산업
009680,모토닉
025560,미래산업
001250,GS글로벌
144510,지씨셀
484870,엠앤씨솔루션
203650,드림시큐리티
100120,뷰웍스
425040,티이엠씨
018310,삼목에스폼
030210,다올투자증권
389500,에스비비테크
042370,비츠로테크
067390,아스트
037270,YG PLUS
461300,아이스크림미디어
353810,이지바이오
317330,덕산테코피아
004980,성신양회
241520,DSC인베스트먼트
380540,옵티코어
088260,이리츠코크렙
005010,휴스틸
102460,이연제약
0008Z0,에스엔시스
014940,오리엔탈정공
001460,BYC
039830,오로라
298830,슈어소프트테크
013120,동원개발
0001A0,덕양에너젠
068930,디지털대성
112290,와이씨켐
357550,석경에이티
034810,해성산업
159010,아스플로
123330,제닉
003720,삼영
028100,동아지질
019010,베뉴지
317400,자이에스앤디
446540,메가터치
035150,백산
452280,한선엔지니어링
001630,종근당홀딩스
024840,KBI메탈
039570,HDC랩스
241590,화승엔터프라이즈
091580,상신이디피
365270,큐라클
095570,AJ네트웍스
053210,스카이라이프
036710,심텍홀딩스
046970,우리로
237880,클리오
100250,진양홀딩스
051905,LG생활건강우
013890,지누스
000490,대동
000140,하이트진로홀딩스
117580,대성에너지
036190,금화피에스시
098120,마이크로컨텍솔
03473K,SK우
084850,아이티엠반도체
003555,LG우
094480,갤럭시아머니트리
484120,도우인시스
900290,GRT
011500,한농화성
194480,데브시스터즈
006805,미래에셋증권우
0015G0,그린광학
044820,코스맥스비티아이
394800,쓰리빌리언
016790,현대사료
001130,대한제분
016580,환인제약
067080,대화제약
220100,퓨쳐켐
003547,대신증권2우B
042420,네오위즈홀딩스
128820,대성산업
036560,KZ정밀
187870,디바이스
190510,나무가
065660,안트로젠
192440,슈피겐코리아
339770,교촌에프앤비
010580,에스엠벡셀
475400,씨메스로보틱스
377450,리파인
041920,메디아나
354320,알멕
234080,JW생명과학
024060,흥구석유
126600,BGF에코머티리얼즈
045390,대아티아이
054210,이랜텍
066620,국보디자인
294570,쿠콘
377190,디앤디플랫폼리츠
002100,경농
003350,한국화장품제조
003220,대원제약
099440,스맥
007860,서연
033530,SJG세종
102260,동성케미컬
214180,헥토이노베이션
003460,유화증권
140610,엔솔바이오사이언스
475040,스트라드비젼
078150,HB테크놀러지
058970,엠로
016450,한세예스24홀딩스
001080,만호제강
108860,셀바스AI
000300,DH오토넥스
000860,강남제비스코
035510,신세계 I&C
143240,사람인
053690,한미글로벌
049430,코메론
036170,에이치엠넥스
176750,듀켐바이오
119610,인터로조
053300,한국정보인증
092130,이크레더블
308430,셀비온
416180,신성에스티
039840,디오
138610,나이벡
322310,오로스테크놀로지
004560,현대비앤지스틸
002150,도화엔지니어링
002170,SYTS
016880,웅진
125020,티씨머티리얼즈
245620,EDGC
243840,신흥에스이씨
251370,와이엠티
003610,방림
122990,와이솔
094820,일진파워
462520,조선내화
216080,제테마
013580,계룡건설
038390,레드캡투어
204610,티쓰리
256840,한국비엔씨
143160,아이디스
000390,SP삼화
014710,사조씨푸드
115450,HLB테라퓨틱스
0082N0,카나프테라퓨틱스
213500,한솔제지
400760,NH올원리츠
314130,지놈앤컴퍼니
012860,모베이스전자
487570,HS효성
108380,대양전기공업
068790,DMS
123860,아나패스
101530,해태제과식품
212560,네오오토
222040,코스맥스엔비티
092200,디아이씨
084990,헬릭스미스
004380,삼익THK
037070,파세코
000020,동화약품
064550,바이오니아
950140,잉글우드랩
066410,버킷스튜디오
046070,코다코
097955,CJ제일제당 우
083310,엘오티베큠
459510,나우로보틱스
079960,동양이엔피
255220,SG
015230,대창단조
032580,피델릭스
001780,알루코
307180,아이엘
080160,모두투어
051370,인터플렉스
007570,일양약품
293480,하나제약
179290,엠아이텍
005960,동부건설
072870,메가스터디
024800,유성티엔에스
046120,오르비텍
048550,SM C&C
338840,와이바이오로직스
093190,빅솔론
101970,우양에이치씨
007330,푸른저축은행
023910,대한약품
011040,경동제약
009470,삼화전기
032620,GC메디아이
046440,KG파이낸셜
086820,바이오솔루션
271980,제일약품
000700,유수홀딩스
199820,제일일렉트릭
040350,크레오에스지
001540,안국약품
054450,텔레칩스
004970,신라교역
086670,비엠티
031440,신세계푸드
011785,금호석유화학우
126640,화신정공
090350,노루페인트
001045,CJ우
083930,아바코
357880,SKAI
000970,한국주철관
119830,아이텍
00279K,아모레퍼시픽홀딩스3우C
054800,아이디스홀딩스
123410,코리아에프티
260970,에스앤디
048870,시너지이노베이션
071840,롯데하이마트
082800,비보존 제약
234690,녹십자웰빙
403850,더핑크퐁컴퍼니
003830,대한화섬
049960,쎌바이오텍
060150,인선이엔티
092070,디엔에프
012210,삼미금속
260870,SK시그넷
334970,프레스티지바이오로직스
355150,코스텍시스
389020,자람테크놀로지
008350,남선알미늄
114840,아이패밀리에스씨
004090,한국석유
310200,애니플러스
460850,동국씨엠
138360,앤로보틱스
464080,에스오에스랩
005990,매일홀딩스
382900,범한퓨얼셀
078070,유비쿼스홀딩스
264450,유비쿼스
049720,고려신용정보
069510,에스텍
094280,효성ITX
146320,비씨엔씨
049630,재영솔루텍
104480,티케이케미칼
090850,현대이지웰
304100,솔트룩스
126700,하이비젼시스템
242040,나무기술
015890,태경산업
067280,멀티캠퍼스
462860,더즌
006060,화승인더
039860,나노엔텍
457550,우진엔텍
041020,폴라리스오피스
205500,넥써쓰
003480,한진중공업홀딩스
088800,에이스테크
000520,삼일제약
274090,켄코아에어로스페이스
382800,지앤비에스 에코
020120,키다리스튜디오
445180,퓨릿
418550,제이오
394420,리센스메디컬
269620,시스웍
023600,삼보판지
217950,파마리서치바이오
405100,큐알티
371950,풍원정밀
402030,코난테크놀로지
035610,솔본
270660,에브리봇
086980,쇼박스
272550,삼양패키징
118990,모트렉스
004080,신흥
003100,선광
025820,이구산업
086890,이수앱지스
094840,슈프리마에이치큐
005160,동국산업
0088M0,메쥬
214420,토니모리
037350,성도이엔지
484810,티엑스알로보틱스
451760,컨텍
322510,제이엘케이
081000,일진다이아
473980,노머스
102120,어보브반도체
361390,제노코
038290,마크로젠
136540,윈스테크넷
453450,그리드위즈
474650,링크솔루션
147830,제룡산업
024090,디씨엠
036690,코맥스
388050,지투파워
372170,윤성에프앤씨
408920,메쎄이상
013520,화승코퍼레이션
107590,미원홀딩스
004150,한솔홀딩스
350520,이지스레지던스리츠
214390,경보제약
058820,CMG제약
226590,엠디바이스
388790,라이콤
240550,동방메디컬
109740,디에스케이
007540,샘표
458650,성우
101360,에코앤드림
339950,아이비김영
149950,아바텍
095190,신화프리텍
478340,나라스페이스테크놀로지
001360,삼성제약
293580,나우IB
413630,씨피시스템
489500,엘케이켐
950190,고스트스튜디오
0007C0,아크릴
297890,HB솔루션
264660,씨앤지하이테크
256940,킵스파마
012610,경인양행
037560,LG헬로비전
402490,그린리소스
011280,태림포장
009270,신원
210540,디와이파워
077500,유니퀘스트
089470,HDC현대EP
293780,압타바이오
051980,중앙첨단소재
126730,코칩
211270,AP위성
300080,플리토
013990,아가방컴퍼니
285490,노바텍
005800,신영와코루
321550,티움바이오
122450,KX
001520,동양
027710,팜스토리
264850,이랜시스
078000,텔코웨어
469610,이노테크
012200,계양전기
018470,조일알미늄
041590,플래스크
008040,사조동아원
307750,국전
089600,KT나스미디어
331920,셀레믹스
004960,한신공영
009070,KCTC
002390,한독
083500,에프엔에스테크
079430,현대리바트
267290,경동도시가스
282880,코윈테크
432720,퀄리타스반도체
011690,와이투솔루션
067990,도이치모터스
259630,엠플러스
034590,인천도시가스
008970,KBI동양철관
366030,나인앤컴퍼니
014280,금강공업
106190,하이텍팜
142210,유니트론텍
049520,유아이엘
021320,KCC건설
308080,바이젠셀
205100,엑셈
267320,나인테크
042600,새로닉스
051160,지어소프트
002220,한일철강
014580,태경비케이
340450,지씨지놈
002460,HS화성
054050,NH농우바이오
232680,라온로보틱스
014530,극동유화
140670,알에스오토메이션
002780,진흥기업
311320,지오엘리먼트
053080,케이엔솔
041440,현대에버다임
067290,JW신약
006660,삼성공조
073010,케이에스피
474170,루미르
038540,상상인
004250,NPC
056090,시지메드텍
067900,와이엔텍
018120,진로발효
011810,STX
016710,대성홀딩스
418420,라온텍
452450,피아이이
083420,그린케미칼
248170,샘표식품
047310,파워로직스
263860,지니언스
290720,푸드나무
092220,KEC
002620,제일파마홀딩스
227840,현대코퍼레이션홀딩스
289080,SV인베스트먼트
063570,NICE인프라
108230,톱텍
032940,원익
199430,케이엔알시스템
041520,이엘씨
120030,조선선재
012320,경동인베스트
080420,모다이노칩
035080,그래디언트
047770,코데즈컴바인
220260,켐트로스
095700,제넥신
059210,메타바이오메드
053700,삼보모터스
494120,큐리오시스
217270,넵튠
073560,우리손에프앤지
093640,케이알엠
009780,엠에스씨
039340,한국경제TV
148150,세경하이테크
010100,한국무브넥스
210980,SK디앤디
417500,제이아이테크
267850,아시아나IDT
006620,동구바이오제약
052260,현대바이오랜드
338220,뷰노
027970,한국제지
120240,대정화금
488280,에스투더블유
017550,수산세보틱스
019180,티에이치엔
016740,두올
002450,삼익악기
021080,에이티넘인베스트
009580,무림P&P
297090,씨에스베어링
141000,비아트론
289930,웨이비스
036580,팜스코
264900,크라운제과
070960,모나용평
012800,대창
013570,디와이
017510,세명전기
115310,인포바인
119650,KC코트렐
123690,한국화장품
387690,레메디
105330,케이엔더블유
021820,세원정공
023450,동남합성
015590,DKME
100700,세운메디칼
487580,폴레드
007210,벽산
246720,아스타
163730,핑거
246710,티앤알바이오팹
166480,코아스템켐온
071280,로체시스템즈
123040,엠에스오토텍
212710,아이에스티이
131030,옵투스제약
039560,다산네트웍스
299030,하나기술
228850,레이언스
013310,아진산업
380550,뉴로핏
125210,아모그린텍
109610,에스와이
066590,스모트로닉
025620,차AI헬스케어
156100,엘앤케이바이오
066790,씨씨에스
078935,GS우
068240,다원시스
475580,에이럭스
323990,박셀바이오
040300,YTN
115500,케이씨에스
336680,탑런토탈솔루션
049080,기가레인
309960,LB인베스트먼트
352090,스톰테크
035000,HS애드
0039P0,매드업
005860,한일사료
067830,세이브존I&C
489460,바이오비쥬
014790,HL D&I
104460,디와이피엔에프
348350,위드텍
362320,청담글로벌
002210,동성제약
058850,KTcs
158430,아톤
037030,파워넷
023900,풍국주정
084680,이월드
333430,일승
153890,져스텍
091440,한울소재과학
235980,메드팩토
101170,우림피티에스
192410,오늘이엔엠
058630,엠게임
025950,동신건설
226400,오스테오닉
047560,이스트소프트
001275,부국증권우
265740,엔에프씨
255440,야스
052900,KX하이텍
307930,컴퍼니케이
096240,크레버스
065450,빅텍
014440,영보화학
040420,정상제이엘에스
042500,링네트
044340,위닉스
003680,한성기업
0017J0,세미티에스
058730,다스코
209640,와이제이링크
032560,황금에스티
389030,지니너스
093920,서원인텍
033290,로젠
065170,비엘팜텍
357230,에이치피오
337930,젝시믹스
417010,나노팀
066980,한성크린텍
298540,더네이쳐홀딩스
058860,KTis
187790,나노
063170,서울옥션
007610,선도전기
229500,노브메타파마
052420,오성첨단소재
320000,한울반도체
004100,태양금속
004140,동방
263800,데이타솔루션
088130,동아엘텍
074430,아미노로직스
078140,대봉엘에스
072020,중앙백신
049950,미래컴퍼니
023000,삼원강재
217820,원익피앤이
019540,일지테크
008260,NI스틸
000440,중앙에너비스
0011A0,액스비스
036220,오상헬스케어
004890,동일산업
086710,선진뷰티사이언스
013700,까뮤이앤씨
053260,금강철강
054920,한컴위드
100130,동국S&C
008700,아남전자
474610,RF시스템즈
004650,창해에탄올
302550,리메드
396470,워트
418470,KT밀리의서재
053280,예스24
330350,위더스제약
042510,라온시큐어
130580,나이스디앤비
032300,한국파마
005740,크라운해태홀딩스
263720,디앤씨미디어
049180,셀루메드
044990,에이치엔에스하이텍
002230,피에스텍
183490,엔지켐생명과학
023800,인지컨트롤스
419050,삼기에너지솔루션즈
306620,지아이에스
059120,아진엑스텍
029480,광무
182360,큐브엔터
053350,이니텍
002600,조흥
189330,씨이랩
322180,LS티라유텍
102370,케이옥션
036010,아비코전자
092040,아미코젠
009190,대양금속
001290,상상인증권
452190,한빛레이저
37550L,DL이앤씨2우(전환)
099750,이지케어텍
037760,쎄니트
019680,대교
054540,삼영엠텍
004840,DRB동일
079650,서산
067000,조이시티
010960,삼호개발
214680,디알텍
175250,아이큐어
011370,서한
330730,스톤브릿지벤처스
950250,테라뷰
250060,모비스
950130,엑세스바이오
412540,제일엠앤에스
198440,강동씨앤엘
007980,TP
008830,대동기어
214260,라파스
282720,금양그린파워
038110,에코플라스틱
173130,오파스넷
030960,양지사
069730,DSR제강
163560,동일고무벨트
0117P0,피스피스스튜디오
053580,웹케시
006090,사조오양
043610,KT지니뮤직
054040,한국컴퓨터
317770,엑스페릭스
006840,AK홀딩스
017650,대림제지
33626K,두산퓨얼셀1우
009300,삼아제약
001470,삼부토건
139990,아주스틸
096250,와이즈넛
054670,대한뉴팜
131370,알서포트
290740,액트로
012690,모나리자
047820,초록뱀미디어
066430,아이로보틱스
086960,MDS테크
002700,신일전자
234300,에스트래픽
096775,SK이노베이션우
475230,엔알비
396300,세아메카닉스
111380,동인기연
004590,한국가구
221800,지구홀딩스
172670,에이엘티
036640,HRS
000590,CS홀딩스
493330,지에프아이
009180,한솔로지스틱스
041910,폴라리스AI파마
019550,SBI인베스트먼트
363280,티와이홀딩스
048530,인트론바이오
017370,우신시스템
001260,남광토건
054620,APS
012700,리드코프
065510,휴비츠
004720,팜젠사이언스
033130,디지틀조선
067570,엔브이에이치코리아
147760,피엠티
115440,우리넷
045970,코아시아
052860,아이앤씨
007590,동방아그로
024880,케이피에프
094860,네오리진
331380,포커스에이아이
303810,동국생명과학
000850,화천기공
101330,모베이스
085670,뉴프렉스
228670,레이
011700,한신기계
365330,에스와이스틸텍
067370,선바이오
014160,대영포장
002200,한국수출포장
900260,로스웰
265560,영화테크
109070,주성코퍼레이션
396270,넥스트칩
223250,드림씨아이에스
475430,키스트론
381620,제닉스로보틱스
011150,CJ씨푸드
451220,아이엠티
104040,디에스엠
107600,새빗켐
013870,지엠비코리아
095720,웅진씽크빅
063080,컴투스홀딩스
002720,국제약품
020710,시공테크
234030,싸이닉솔루션
208140,정다운
215100,로보로보
084670,동양고속
063160,종근당바이오
124560,태웅로직스
122350,삼기
171120,라이온켐텍
170030,현대공업
024830,세원물산
040910,아이씨디
413390,엠오티
225530,HC보광산업
251120,바이오에프디엔씨
250030,진코스텍
061250,화일약품
017480,삼현철강
066700,테라젠이텍스
456070,이엔셀
058400,KNN
338100,NH프라임리츠
013360,일성건설
234920,자이글
365660,레몬헬스케어
080010,이상네트웍스
091120,이엠텍
451250,삐아
323350,다원넥스뷰
111710,남화산업
004540,깨끗한나라
412350,레이저쎌
321370,센서뷰
079980,휴비스
155660,DSR
060590,씨티씨바이오
000230,일동홀딩스
347890,엠엑스온
261780,아리바이오랩
217330,싸이토젠
084730,팅크웨어
005360,모나미
238090,앤디포스
090470,제이스로보틱스
041930,SY동아
332370,아이디피
036630,세종텔레콤
000180,성창기업지주
091590,남화토건
078890,가온그룹
033560,블루콤
294630,서남
040160,누리플렉스
073640,테라사이언스
149980,하이로닉
000105,유한양행우
067170,오텍
382840,원준
196490,디에이테크놀로지
110790,크리스에프앤씨
024740,한일단조
0015S0,페스카로
382480,지아이텍
153710,옵티팜
464490,쿼드메디슨
005750,대림바스
009770,삼정펄프
032540,TJ미디어
038460,바이오스마트
088390,이녹스
389140,포바이포
003580,HLB글로벌
011320,유니크
083790,CG인바이츠
128660,피제이메탈
357580,아모센스
038680,에스넷
002795,아모레퍼시픽홀딩스우
006890,태경케미컬
217190,제너셈
039010,현대에이치티
417970,모델솔루션
360070,탑머티리얼
001020,페이퍼코리아
006140,피제이전자
081150,티플랙스
253840,수젠텍
082210,옵트론텍
007110,일신석재
478560,블랙야크아이앤씨
043650,국순당
105740,디케이락
066310,큐에스아이
109860,동일금속
062970,한국첨단소재
0015N0,아로마티카
032850,비트컴퓨터
016090,대현
347000,센코
142280,녹십자엠에스
048430,유라테크
041460,한국전자인증
201490,미투온
396690,미래에셋글로벌리츠
443670,에스피소프트
388870,파로스아이바이오
001560,제일연마
126880,제이엔케이글로벌
002800,신신제약
026150,특수건설
137950,제이씨케미칼
010240,흥국
129920,대성하이텍
120115,코오롱인더우
012790,신일제약
004440,삼일씨엔에스
185490,아이진
307870,비투엔
443250,레뷰코퍼레이션
208370,셀바스헬스케어
036000,예림당
045660,에이텍
018500,동원금속
005670,푸드웰
070300,엑스큐어
432470,케이엔에스
006370,대구백화점
348150,고바이오랩
005870,휴니드
072130,유엔젤
100220,비상교육
204840,지엘팜텍
042110,에스씨디
014970,삼륭물산
123420,위메이드플레이
010040,한국내화
004780,대륙제관
136150,원일티엔아이
001840,이화공영
055490,테이팩스
453860,에이에스텍
162300,신스틸
214270,FSN
294090,이오플로우
060570,드림어스컴퍼니
003925,남양유업우
068290,삼성출판사
277880,티에스아이
222110,팬젠
079810,APS이노베이션
140070,서플러스글로벌
031820,아이티센씨티에스
241690,유니테크노
061040,알에프텍
089230,THE E&M
203400,에이비온
094850,참좋은여행
004770,써니전자
002760,보락
270520,앱튼
060310,3S
071090,하이스틸
331740,아우토크립트
039420,케이엘넷
0007J0,인벤테라
111110,호전실업
303360,프로티아
010280,아이티센엔텍
003780,진양산업
010660,화천기계
003310,대주산업
096350,대창솔루션
059270,해성에어로보틱스
408470,한패스
347860,알체라
009200,무림페이퍼
085310,엔케이
333620,엔시스
0004V0,엔비알모션
089850,유비벨록스
179900,유티아이
460940,피앤에스로보틱스
411080,샌즈랩
377480,마음AI
048910,대원미디어
072950,빛샘전자
049550,잉크테크
039980,폴라리스AI
076610,해성옵틱스
216050,인크로스
014470,부방
424960,스마트레이더시스템
417790,트루엔
215360,우리산업
446840,지슨
129260,인터지스
290660,다이나믹솔루션
288180,케이피항공산업
000220,유유제약
099520,DGI
214330,금호에이치티
016250,SGC E&C
439580,블루엠텍
175140,휴먼테크놀로지
024900,디와이덕양
036120,서울평가정보
006880,신송홀딩스
291650,압타머사이언스
008370,원풍
228340,동양파일
010470,오리콤
075180,새론오토모티브
049480,오픈베이스
168330,내츄럴엔도텍
263690,디알젬
302430,이노메트리
036670,삼양케이씨아이
039020,이건홀딩스
246960,SCL사이언스
046940,우원개발
025550,한국선재
457370,한켐
054300,팬스타엔터프라이즈
117670,알파칩스
100030,인지소프트
053620,태양
088910,동우팜투테이블
001550,조비
014950,삼익제약
010770,평화홀딩스
057540,옴니시스템
100590,머큐리
007280,한국특강
340930,성원에너텍
092440,기신정기
318160,셀바이오휴먼텍
448710,코츠테크놀로지
045340,토탈소프트
001210,금호전기
067920,이글루
137080,나래나노텍
036090,위지트
027050,코리아나
053050,지에스이
064800,포니링크
039610,화성밸브
007370,진양제약
004450,삼화왕관
046210,HLB파나진
187420,HLB제넥스
155650,와이엠씨
053160,프리엠스
273640,와이엠텍
003475,유안타증권우
217480,에스디생명공학
378850,화승알앤에이
003010,혜인
101670,하이드로리튬
459100,위츠
299170,더블유에스아이
286750,나노실리칸첨단소재
370090,퓨런티어
043710,코스리거글로벌
004830,덕성
007460,에이프로젠
205470,휴마시스
007820,엠엑스로보틱스
123010,알엔티엑스
097800,윈팩
384470,코어라인소프트
039240,경남스틸
082850,우리바이오
134580,탑코미디어
095270,웨이브일렉트로
104620,노랑풍선
024910,경창산업
104540,코렌텍
463480,모티브링크
251630,브이원텍
027830,대성창투
084650,랩지노믹스
463020,뉴엔AI
003465,유화증권우
317530,에피소드컴퍼니
002410,범양건영
025530,SJM홀딩스
260930,씨티케이
256630,포인트엔지니어링
040610,SG&G
053450,세코닉스
179530,애드바이오텍
033310,엠투엔
033320,제이씨현시스템
123700,SJM
011230,삼화전자
101140,인바이오젠
050960,수산아이앤티
136410,아셈스
002630,오리엔트바이오
347740,피엔케이피부임상연구센타
435570,에르코스
191420,테고사이언스
35320K,대덕전자1우
005305,롯데칠성우
007815,코리아써우
950200,소마젠
456570,아이엠지티
064240,홈캐스트
033230,인성정보
096610,알에프세미
026910,광진실업
065530,와이어블
038010,제일테크노스
033340,좋은사람들
037440,희림
452400,이닉스
053270,구영테크
020760,일진디스플
263600,덕우전자
476040,오가노이드사이언스
071670,에이테크솔루션
063440,SM Life Design
311690,CJ 바이오사이언스
393970,대진첨단소재
192250,케이사인
072990,에이치시티
145170,노브랜드
001465,BYC우
0013V0,삼진식품
000725,현대건설우
033540,파라텍
081180,쎄크
001620,케이비아이동국실업
004060,SG세계물산
009320,아진전자부품
037950,엘컴텍
314140,알피바이오
006980,우성
004920,씨아이테크
317850,대모
170790,파이오링크
372910,한컴라이프케어
060560,HC홈센타
021050,서원
180060,탑선
023810,인팩
011000,진원생명과학
065130,탑엔지니어링
420570,제이투케이바이오
352910,오비고
056360,코위버
471820,셀로맥스사이언스
122310,제노레이
015710,코콤
376290,씨유테크
460870,에스엠씨지
090080,평화산업
082660,코스나인
066670,디티씨
418250,시큐레터
052460,아이크래프트
092300,현우산업
053980,오상자이엘
054930,유신
241790,티이엠씨씨엔에스
088280,쏘닉스
321260,프로이천
317830,에스피시스템스
023440,제이스코홀딩스
198080,캐프
006125,SK디스커버리우
440290,HB인베스트먼트
019990,에너토크
014910,성문전자
950220,네오이뮨텍
017180,명문제약
011300,우성머티리얼스
357250,미래에셋맵스리츠
069460,대호에이엘
163280,에어레인
007680,대원
052790,액토즈소프트
189980,흥국에프엔비
109080,옵티시스
294140,레몬
094970,제이엠티
023350,한국종합기술
461030,아이엠비디엑스
219550,디와이디
002140,고려산업
37550K,DL이앤씨우
479960,위너스일렉
041650,상신브레이크
094940,푸른로보틱스
073110,엘엠에스
340360,다보링크
000910,유니온
002920,유성기업
373160,데이원컴퍼니
093240,형지엘리트
005030,부산주공
413640,비아이매트릭스
004910,조광페인트
143540,영우디에스피
099220,SDN
074610,이엔플러스
225190,LK삼양
000950,전방
189690,포시에스
003080,SB성보
317690,퀀타매트릭스
391710,코닉오토메이션
288330,파라택시스코리아
178780,일월지엠엘
127710,아시아경제
131400,이브이첨단소재
276730,한울앤제주
28513K,SK케미칼우
048770,TPC로보틱스
217500,러셀
011390,부산산업
086060,진바이오텍
072470,우리산업홀딩스
092780,DYP
238120,얼라인드
072770,멤레이비티
056700,신화인터텍
159580,제로투세븐
052220,iMBC
008420,문배철강
051390,YW
025880,케이씨피드
261520,이지스
481850,신한글로벌액티브리츠
296160,프로젠
066130,하츠
270870,뉴트리
024950,삼천리자전거
047400,유니온머티리얼
262260,에이프로
222420,쎄노텍
009835,한화솔루션우
263020,디케이앤디
129890,앱코
277070,린드먼아시아
060850,영림원소프트랩
084870,TBH글로벌
190650,코리아에셋투자증권
068330,일신바이오
460470,아이빔테크놀로지
089790,제이티
066900,디에이피
099410,동방선기
153460,네이블
014190,원익큐브
140520,대창스틸
355690,에이텀
037230,한국팩키지
218150,미래생명자원
019490,엑시큐어하이트론
007530,와이엠
026940,부국철강
038070,서린바이오
042940,상지건설
012280,영화금속
273060,와이즈버즈
200580,메디쎄이
000890,보해양조
097870,효성오앤비
199550,레이저옵텍
0010V0,제이피아이헬스케어
114450,그린생명과학
002290,삼일기업공사
037330,인지디스플레
419080,엔젯
424980,마이크로투나노
017040,광명전기
315640,딥노이드
011420,갤럭시아에스엠
008870,금비
382150,온코크로스
361570,알비더블유
002880,디와이에이
261200,덴티스
224110,에이텍모빌리티
299900,위지윅스튜디오
263810,상신전자
064090,인크레더블버즈
290670,대보마그네틱
050120,ES큐브
227950,엔투텍
234100,폴라리스세원
049830,승일
133820,화인베스틸
219420,링크제니시스
365590,하이딥
004410,서울식품
215380,우정바이오
305090,마이크로디지탈
046310,백금T&A
171010,램테크놀러지
177900,쓰리에이로직스
189860,서전기전
466410,사이냅소프트
104200,NHN벅스
196300,HLB펩
050860,아세아텍
352700,씨앤투스
226330,신테카바이오
043340,에쎈테크
360350,코셈
263700,케어랩스
900250,크리스탈신소재
044960,이글벳
127980,화인써키트
051490,나라엠앤디
207760,미스터블루
221980,케이디켐
203450,유니온바이오메트릭스
150900,파수AI
457600,벡트
256150,한독크린텍
196450,코아시아씨엠
100660,서암기계공업
134790,시디즈
065440,이루온
307280,원바이오젠
237820,플레이디
014570,고려제약
263770,유에스티
480370,씨케이솔루션
123570,이엠넷
122690,서진오토모티브
012160,영흥
369370,블리츠웨이엔터테인먼트
258610,케일럼
033170,시그네틱스
045060,오공
065500,오리엔트정공
065950,웰크론
023960,에쓰씨엔지니어링
250000,보라티알
290120,DH오토리드
024120,KB오토시스
204020,그리티
260660,알리코제약
019770,서연탑메탈
278650,HLB바이오스텝
105760,포스뱅크
145270,케이탑리츠
081580,성우전자
419120,산돌
083550,케이엠
297570,아틀라스링크
229000,젠큐릭스
284620,카이노스메드
221840,하이즈항공
057030,YBM넷
068940,셀피글로벌
376930,노을
038060,루멘스
348080,큐라티스
246690,TS인베스트먼트
184230,SGA솔루션즈
052600,한네트
450330,하스
465480,인스피언
021650,한국큐빅
064520,테크엘
059100,아이컴포넌트
016600,큐캐피탈
263050,유틸렉스
317870,엔바이오니아
043910,자연과환경
263920,휴엠앤씨
373200,엑스플러스
026040,제이에스티나
049470,비트플래닛
013000,세우글로벌
186230,그린플러스
011330,유니켐
032960,동일기연
128540,에코캡
006490,프리티
446070,유니드비티플러스
025440,DH오토웨어
239890,피엔에이치테크
020180,대신정보통신
014990,인디에프
112190,KC산업
071850,캐스텍코리아
162120,루켄테크놀러지스
090410,덕신이피씨
101240,씨큐브
071950,코아스
200780,비씨월드제약
049800,우진플라임
000215,DL우
432430,와이랩
220180,핸디소프트
458350,에스팀
191600,블루탑
006920,모헨즈
002870,신풍
000760,이화산업
364950,에이아이코리아
087600,픽셀플러스
148930,에이치와이티씨
318410,비비씨
321820,아티스트컴퍼니
143210,핸즈코퍼레이션
046390,삼화네트웍스
299660,셀리드
004365,세방우
089140,넥스턴앤롤코리아
051630,진양화학
086040,바이오톡스텍
002070,비비안
215790,이노인스트루먼트
009140,경인전자
080520,오디텍
208860,다산디엠씨
408900,스튜디오미르
066360,체리부로
159910,에코글로우
495810,유비씨
079000,와토스코리아
068050,팬엔터테인먼트
011090,에넥스
335810,프리시젼바이오
106240,파인테크닉스
173940,에프엔씨엔터
007120,미래아이앤지
089150,케이씨티
091970,LSK아이로봇
206400,베노티앤알
393210,토마토시스템
103840,우양
001070,대한방직
464280,티디에스팜
388610,지에프씨생명과학
452200,민테크
027740,마니커
340810,시선AI
475460,미트박스
005820,원림
001380,SG글로벌
033830,티비씨
002690,동일제강
332290,누보
064480,브리지텍
133750,메가엠디
009460,한창제지
122830,원포유
023150,MH에탄올
452300,캡스톤파트너스
288980,모아데이타
006570,대림통상
160550,NEW
258830,세종메디칼
311390,네오크레마
337840,유엑스엔
050110,캠시스
105550,엣지파운드리
010640,진양폴리
075130,플랜티넷
452160,제이엔비
262840,아이퀘스트
035460,기산텔레콤
290090,트윔
010400,우진아이엔에스
038620,위즈코프
031510,오스템
002420,세기상사
148250,알엔투테크놀로지
066910,손오공
075970,동국알앤에스
351330,이삭엔지니어링
088790,진도
008250,이건산업
215090,솔디펜스
407400,꿈비
044480,빌리언스
123750,알톤
246250,에스엘에스바이오
310870,디와이씨
308170,씨티알모빌리티
039290,인포뱅크
003060,에이프로젠바이오로직스
289220,자이언트스텝
009810,플레이그램
417860,오브젠
025750,한솔홈데코
038870,에코심플렉스
058110,멕아이씨에스
090370,메타랩스
131090,시큐브
012620,원일특강
030720,동원수산
351320,넥사다이내믹스
038950,파인디지털
239610,에이치엘사이언스
057680,티사이언티픽
131220,대한과학
318010,팜스빌
446440,에피바이오텍
119500,포메탈
014130,한익스프레스
187270,신화콘텍
444530,심플랫폼
096630,에스코넥
038880,아이에이
069410,엔텔스
022220,티케이지애강
363250,진시스템
118000,메타케어
097780,에코볼트
053290,NE능률
036420,콘텐트리중앙
095910,에스에너지
271830,팸텍
002820,SUN&L
188260,세니젠
006345,대원전선우
406820,뷰티스킨
024070,WISCOM
109820,진매트릭스
336060,웨이버스
348030,모비릭스
462310,뉴키즈온
005320,온타이드
291230,엔피
900070,글로벌에스엠
080530,코디
043220,티에스넥스젠
476080,M83
288620,에스프리즘
114630,폴라리스우노
008470,부스타
004270,남성
088340,유라클
060540,에스에이티
004870,티웨이홀딩스
199480,뱅크웨어글로벌
068100,케이웨더
031310,아이즈비전
115160,휴맥스
197140,디지캡
33637K,솔루스첨단소재1우
027040,서울전자통신
227420,도부
434480,모니터랩
464580,닷밀
340440,세림B&G
003535,한화투자증권우
121890,에스디시스템
475660,에스켐
311060,엘에이티
187220,디티앤씨
024940,PN풍년
169330,엠브레인
237750,피앤씨테크
206560,덱스터
069140,누리플랜
177830,파버나인
016920,카스
019660,글로본
198940,한주라이트메탈
459550,알트
032750,삼진
450520,인스웨이브
005110,한창
296640,이노에이엑스
035200,프럼파스트
013720,청보
054940,엑사이엔씨
017000,신원종합개발
001810,무림SP
099390,브레인즈컴퍼니
047080,한빛소프트
900310,컬러레이
195500,마니커에프앤지
290560,파라택시스이더리움
225220,제놀루션
045300,성우테크론
333050,이노테나
227610,아우딘퓨쳐스
138070,신진에스엠
146060,율촌
267790,배럴
290270,휴네시온
051380,피씨디렉트
021880,메이슨캐피탈
109960,앱토크롬
002355,넥센타이어1우B
356890,싸이버원
013810,스페코
254120,자비스
130500,GH신소재
093380,풍강
032860,더라미
318000,KBG
464500,아이언디바이스
238490,힘스
053060,세동
016670,디모아
376180,피코그램
018680,서울제약
024890,대원화성
208710,포톤
007720,소노스퀘어
037370,EG
462510,라메디텍
462980,아이지넷
054780,키이스트
376980,원티드랩
367000,플래티어
355390,크라우드웍스
025890,한국주강
219750,한국비티비
039740,한국정보공학
048470,대동스틸
091340,S&K폴리텍
033050,제이엠아이
397810,애드포러스
0010F0,보원케미칼
378800,샤페론
079170,한창산업
036480,대성미생물
354390,바스칸바이오제약
052300,오션인더블유
083660,CSA 코스믹
430690,한싹
045510,정원엔시스
188040,바이오포트
270210,에스알바이오텍
019175,신풍제약우
033200,모아텍
085810,알티캐스트
003495,대한항공우
300120,라온피플
053950,경남제약
277410,인산가
070590,인티큐브
208350,지란지교시큐리티
063760,이엘피
432980,엠에프씨
073540,에프알텍
222980,한국맥널티
224060,더코디
363260,모비데이즈
373170,엠아이큐브솔루션
131100,티엔엔터테인먼트
060380,동양에스텍
193250,링크드
032790,엠젠솔루션
207490,에이펙스인텍
257370,피엔티엠에스
318020,포인트모바일
043200,파루
033250,체시스
044780,에이치케이
067010,이씨에스
054090,삼진엘앤디
387570,파인메딕스
009310,참엔지니어링
347770,핌스
001000,신라섬유
290520,신도기연
056730,CNT85
059180,엔더블유시
153490,우리이앤엘하루틴
243870,아이티센코어
298060,풍전약품
065150,대산F&B
000040,KR모터스
403490,우듬지팜
429270,시지트로닉스
405920,나라셀라
109670,씨싸이트
019570,플루토스
398120,에스지헬스케어
465770,STX그린로지스
232830,아이티센피엔에스
007770,한일화학
342870,오아
134060,이퓨쳐
317240,TS트릴리온
359090,씨엔알리서치
076080,웰크론한텍
233990,질경이
469750,아이비젼웍스
058450,한주에이알티
008775,호텔신라우
179720,머니무브
210120,캔버스엔
006200,한국전자홀딩스
353190,휴럼
065650,하이퍼코퍼레이션
069640,한세엠케이
415380,스튜디오삼익
241840,에이스토리
032080,아즈텍WB
130740,티피씨글로벌
131180,딜리
016100,리더스코스메틱
090150,아이윈
023770,플레이위드
352940,인바이오
403810,아이엘로보틱스
383930,디티앤씨알오
33626L,두산퓨얼셀2우B
102950,아하
001420,태원물산
115480,씨유메디칼
080470,성창오토텍
080720,한국유니온제약
002360,SH에너지화학
377030,비트맥스
317860,노드메이슨
006740,블루산업개발
403360,라피치
067730,로지시스
014100,메디앙스
206950,볼빅
017250,인터엠
362990,드림인사이트
096690,에이루트
078590,휴림에이텍
258790,소프트캠프
049120,파인디앤씨
054410,케이피티유
139670,키네마스터
275630,에스에스알
065370,위세아이텍
023790,동일스틸럭스
039310,세중
223310,사토시홀딩스
353590,오토앤
195990,루트K
192390,윈하이텍
440320,오픈놀
015260,에이엔피
098660,에스티오
373110,엑셀세라퓨틱스
076340,지에이이노더스
065060,지엔코
002025,코오롱우
419540,비스토스
455180,케이지에이
101400,엔시트론
322970,무진메디
365900,브이씨
317120,라닉스
278990,EMB
115570,스타플렉스
322780,코퍼스코리아
101680,한국정밀기계
331520,밸로프
048830,엔피케이
038530,케이바이오랩스
021040,대호특수강
424760,벨로크
015020,이스타코
357430,마스턴프리미어리츠
096870,엘디티
361670,삼영에스앤씨
238200,비피도
351870,차이커뮤니케이션
331660,한국미라클피플사
073570,리튬포어스
372800,아이티아이즈
252500,세화피앤씨
377330,이지트로닉스
032280,삼일
034940,조아제약
001685,대상우
214610,롤링스톤
200350,아티스트스튜디오
285800,진영
438700,버넥트
154030,아시아종묘
020400,대동금속
088290,이원컴포텍
043360,디지아이
054220,비츠로시스
006050,국영지앤엠
045520,크린앤사이언스
032800,판타지오
191410,육일씨엔에쓰
031860,디에이치엑스컴퍼니
222670,플럼라인생명과학
103230,에스앤더블류
196700,웹스
060260,뉴보텍
037400,우리엔터프라이즈
303530,이노뎁
050760,에스폴리텍
065770,CS
137940,넥스트아이
083640,인콘
084440,유비온
431190,케이쓰리아이
304840,피플바이오
069330,유아이디
00499K,롯데지주우
215480,토박스코리아
274400,이노시뮬레이션
032680,소프트센
051780,큐로홀딩스
140430,카티스
008600,윌비스
009440,KC그린홀딩스
476710,타조이엔터테인먼트
018620,우진비앤지
236810,엔비티
225590,패션플랫폼
060900,에이전트AI
154040,다산솔루에타
301300,바이브컴퍼니
067770,세진티에스
306040,에스제이그룹
142760,모아라이프플러스
291810,핀텔
328380,솔트웨어
239340,이스트에이드
027580,상보
078860,아이오케이이엔엠
108675,LX하우시스우
482680,미래에셋비전스팩7호
368970,오에스피
241820,피씨엘
309930,조이웍스앤코
477380,미래에셋비전스팩4호
052960,태양3C
254160,제이엠멀티
279600,미디어젠
115610,이미지스
335870,윙스풋
900340,윙입푸드
200230,텔콘RF제약
110020,전진바이오팜
344860,이노진
900300,오가닉티코스메틱
379390,이성씨엔아이
240600,유진테크놀로지
065690,파커스
043590,웰킵스하이텍
005725,넥센우
308100,형지글로벌
002680,한탑
0072Z0,KB제33호스팩
469880,하나30호스팩
083470,이엠앤아이
0130H0,엔에이치스팩33호
477340,에이치엠씨제7호스팩
0101C0,하나36호스팩
18064K,한진칼우
115530,씨엔플러스
900110,딥커머스
101000,KS인더스트리
368600,아이씨에이치
113810,디젠스
060480,국일신동
030350,드래곤플라이
131760,파인텍
336040,타스컴
0044K0,삼성스팩10호
354200,엔젠바이오
012170,아센디오
035620,바른손이앤에이
303030,지니틱스
473050,유안타제15호스팩
0115H0,삼성스팩13호
028080,휴맥스홀딩스
377220,프롬바이오
351020,미쥬
148780,비큐AI
478440,미래에셋비전스팩6호
019685,대교우B
418620,E8
0165X0,메리츠제2호스팩
226340,본느
479880,한국제15호스팩
005257,녹십자홀딩스2우
012340,뉴인텍
018700,졸스
000087,하이트진로2우B
0099W0,미래에셋비전스팩11호
389680,유디엠텍
009620,삼보산업
417180,핑거스토리
001795,대한제당우
352770,셀레스트라
177350,베셀
244460,올리패스
044380,주연테크
405000,플라즈맵
900270,헝셩그룹
00806K,대덕1우
489480,키움제11호스팩
0134X0,대신밸런스제20호스팩
434190,탈로스
208850,이비테크
481890,엔에이치스팩31호
0164H0,한국제16호스팩
060230,제이케이시냅스
0096B0,삼성스팩12호
0099X0,IBKS제25호스팩
247660,나노씨엠에스
009730,이렘
0097F0,미래에셋비전스팩10호
289010,아이스크림에듀
489730,디비금융제13호스팩
123840,뉴온
478390,KB제29호스팩
471050,대신밸런스제17호스팩
054180,메디콕스
0037T0,KB제32호스팩
456190,큐라켐
0093G0,미래에셋비전스팩8호
233250,메디안디노스틱
492220,KB제31호스팩
0054V0,엔에이치스팩32호
0131D0,키움히어로제2호스팩
0088D0,메리츠제1호스팩
482520,교보16호스팩
011080,형지I&C
065570,삼영이엔씨
145995,삼양사우
0091W0,신영스팩11호
250930,예선테크
00781K,코리아써키트2우B
0041L0,하나35호스팩
477760,DB금융스팩12호
0132G0,교보20호스팩
092600,앤씨앤
469900,하나31호스팩
482690,대신밸런스제19호스팩
217320,썬테크
45226K,한화갤러리아우
0071M0,삼성스팩11호
477470,미래에셋비전스팩5호
474660,신한제12호스팩
474490,유안타제16호스팩
487360,신한제14호스팩
0105P0,유진스팩12호
042040,케이피엠테크
079950,인베니아
496070,신한제16호스팩
0129K0,신한제18호스팩
253610,루트락
217880,틸론
079190,케스피온
0096D0,미래에셋비전스팩9호
169670,코스텍시스템
486630,KB제30호스팩
0098T0,교보19호스팩
493790,유안타제17호스팩
0004Y0,디비금융제14호스팩
38380K,LX홀딩스1우
149010,아이케이세미콘
0130D0,신한제17호스팩
489210,교보17호스팩
043100,알파AI
004255,NPC우
084695,대상홀딩스우
478110,이베스트스팩6호
103660,씨앗
466690,키움히어로제1호스팩
900100,파이온엑스
0041B0,교보18호스팩
208640,썸에이지
498390,한화플러스제5호스팩
0070X0,에스테크엠
238500,솔루믹스
472220,신영스팩10호
004105,태양금속우
084180,수성웹툰
289170,바이오텐
488060,유진스팩11호
001755,한양증권우
106080,케이이엠텍
145210,다이나믹디자인
176590,코나솔
114920,대주이엔티
185190,수프로
484130,하나34호스팩
001067,JW중외제약2우B
224760,엔에스컴퍼니
003075,코오롱글로벌우
469480,IBKS제24호스팩
473950,에스케이증권제13호스팩
199150,데이터스트림즈
065420,에스아이리소스
467930,IBKS제23호스팩
050090,비케이홀딩스
465320,교보15호스팩
069920,엑시온그룹
468760,유진스팩10호
487830,신한제15호스팩
073190,듀오백
244880,나눔테크
472230,에스케이증권제11호스팩
225430,케이엠제약
0068Y0,비엔케이제3호스팩
487720,키움제10호스팩
086220,광동헬스바이오
001770,SHD
318660,타임기술
000225,유유제약1우
03481K,해성산업1우
0041J0,엘에스스팩1호
900120,씨엑스아이
087260,모바일어플라이언스
012205,계양전기우
001515,SK증권우
025870,신라에스지
199730,바이오인프라
312610,에이에프더블류
035290,골드앤에스
189350,코셋
33637L,솔루스첨단소재2우B
079970,투비소프트
475250,하나33호스팩
474930,신한제13호스팩
236340,메디젠휴먼케어
212310,오건에코텍
121850,코이즈
447690,아이오바이오
178600,대동고려삼
001065,JW중외제약우
276040,스코넥
224810,엄지하우스
299480,지앤이헬스케어
008290,원풍물산
066830,제노텍
473000,에스케이증권제12호스팩
002995,금호건설우
475240,하나32호스팩
251280,안지오랩
004985,성신양회우
234070,에이원큐브텍
276240,엘리비젼
311960,인터로이드
004835,덕성우
000325,노루홀딩스우
267080,세븐브로이맥주
26490K,크라운제과우
236030,씨알푸드
044180,KD
313760,캐리
092590,럭스피아
266350,팡스카이
258050,테크트랜스
327610,펨토바이오메드
215570,크로넥스
346010,타이드
090355,노루페인트우
043090,더테크놀로지
199290,바이오프로테크
009415,태영건설우
052770,아이톡시
000145,하이트진로홀딩스우
217910,에스제이켐
121060,유니포인트
116100,태양기계
341170,퓨쳐메디신
000545,흥국화재우
332190,오션스바이오
005965,동부건설우
202960,판도라티비
208890,미래엔에듀파트너
266470,바이오인프라생명과학
402420,켈스
014825,동원시스템즈우
136660,큐엠씨
413300,티엘엔지니어링
005745,크라운해태홀딩스우
093510,엔지브이아이
014285,금강공업우
007575,일양약품우
36328K,티와이홀딩스우
296520,가이아코퍼레이션
014915,성문전자우
000227,유유제약2우B
245450,씨앤에스링크
004545,깨끗한나라우
216400,인바이츠바이오코아
001525,동양우
021045,대호특수강우
008355,남선알미우
448780,마이크로엔엑스
001527,동양2우B
302920,더콘텐츠온
140660,위월드
266170,레드우즈
011155,CJ씨푸드1우
002785,진흥기업우B
223220,로지스몬
060240,스타코링크
279060,이노벡스
004415,서울식품우
002787,진흥기업2우B
390110,애니메디솔루션
032685,소프트센우
